station_id,longitude,latitude,ground_elevation,total_depth,total_depth2,aquifer,well_use
802Ap1,302916.32,503732.04,18.32,4.4,17,UPPER,Unknown
7986p1,302644,502554,-999,24.2,25.2,U/K,Unknown
818p1,303099.65,503591.36,18.31,12.2,12.2,UPPER,Unknown
818p1,303099.65,503591.36,18.31,12.2,12.2,UPPER,Unknown
818p2,303099.65,503591.36,18.31,5,5,UPPER,Unknown
818p2,303099.65,503591.36,18.31,5,5,UPPER,Unknown
819p1,303128.58,503586.14,18.61,4.15,4.15,UPPER,Unknown
819p1,303128.58,503586.14,18.61,4.15,4.15,UPPER,Unknown
859p1,303121.79,503530.86,17.44,12.2,12.2,UPPER,Unknown
859p1,303121.79,503530.86,17.44,12.2,12.2,UPPER,Unknown
701p1,302090.69,503192.01,5.46,2.5,13.5,LOWER,Unknown
705P1,302280.87,503283.27,18.37,19.6,24.2,LOWER,Unknown
70p1,303168.32,504226.45,25.91,,,U/K,Unknown
722p1,301835.56,503531.77,5.41,4.5,31.5,LOWER,Unknown
719P1,302970.61,503968.08,22.62,8.2,14.5,UPPER,Unknown
731P1,302270.13,503560.83,19.11,9.9,13,UPPER,Unknown
753p1,303293.63,504142.72,25.89,4.5,7,UPPER,Unknown
768p1,302902.75,503812.89,20.26,0.5,11.8,UPPER,Unknown
769P1,302917.04,504041.39,22.86,39.9,45.8,LOWER,Unknown
769P2,302917.04,504041.39,22.86,8,19.3,UPPER,Unknown
770p1,302951.7,503980,22.72,42.3,46,LOWER,Unknown
770P2,302951.7,503980,22.72,23.4,26.5,LOWER,Unknown
770P3,302951.7,503980,22.72,13,19,UPPER,Unknown
771p1,303009.6,503976.03,22.46,51,57,LOWER,Unknown
771P2,303009.6,503976.03,22.46,9.9,15.9,UPPER,Unknown
772p1,302768.48,503635.21,16.94,4.4,10.1,UPPER,Unknown
773p1,302725.51,503703.41,18.04,4.2,18.7,UPPER,Unknown
774p1,302803.49,503605.24,17.39,3.7,12.3,UPPER,Unknown
775p1,302868.46,503610.28,17.88,1.6,7.5,UPPER,Unknown
776p1,302921.98,503604.43,18.42,7.6,8.9,UPPER,Unknown
776p2,302921.98,503604.43,18.42,1.1,6.9,UPPER,Unknown
777P1,302962,503586.76,17.84,2,7.5,UPPER,Unknown
778p1,302231.62,503541.7,19.49,23.5,32.2,LOWER,Unknown
760p1,302903.09,503739.08,19.61,2.6,5.5,UPPER,Unknown
761p1,302781.76,503543.19,16.52,3,8.7,UPPER,Unknown
763p1,302927.4,503901.7,21.17,,,U/K,Unknown
764p1,302939.15,503923.76,21.55,11.8,17.7,UPPER,Unknown
765p1,302933.3,503870.24,20.74,11,17,UPPER,Unknown
766p1,302835.13,503792.27,20.43,14,20,UPPER,Unknown
783P1,302996.44,504067.91,23.24,31,32,LOWER,Unknown
783P2,302996.44,504067.91,23.24,11,27,UPPER,Unknown
783P3,302996.44,504067.91,23.24,5.5,6.5,UPPER,Unknown
757p1,302552.87,503772.7,19.81,12.5,23.9,UPPER,Unknown
QBH01,308867.7,498555.6,7.48,-999,-999,U/K,Unknown
QBH02,308090.4,499029.8,21.57,-999,-999,U/K,Unknown
QBH02A,308090.4,499029.8,21.57,-999,-999,U/K,Unknown
QBH05,309518.4,501835.9,54.37,-999,-999,U/K,Unknown
QBH05,309518.4,501835.9,54.37,-999,-999,U/K,Unknown
QBH06,306902.9,502497.5,57.99,-999,-999,U/K,Unknown
QBH06,306902.9,502497.5,57.99,-999,-999,U/K,Unknown
QBH07,308243.7,503095.2,38.47,-999,-999,U/K,Unknown
QBH07,308243.7,503095.2,38.47,-999,-999,U/K,Unknown
QBH08,309740.5,503370.2,37.8,-999,-999,U/K,Unknown
QBH08,309740.5,503370.2,37.8,-999,-999,U/K,Unknown
QBH09,301394.5,505488.5,8.06,-999,-999,U/K,Unknown
QBH09,301394.5,505488.5,8.06,-999,-999,U/K,Unknown
QBH09A,301403.6,505493.2,7.98,-999,-999,U/K,Unknown
QBH09A,301403.6,505493.2,7.98,-999,-999,U/K,Unknown
QBH10C,304340,503090,35.6,-999,-999,U/K,Unknown
QBH10C,304340,503090,35.6,-999,-999,U/K,Unknown
QBH11,306763.3,497092.2,7.1,-999,-999,U/K,Unknown
QBH12A,304219.1,500031,5.18,-999,-999,U/K,Unknown
QBH12A,304219.1,500031,5.18,-999,-999,U/K,Unknown
QBH12B,304219.1,500031,5.18,-999,-999,U/K,Unknown
QBH12B,304219.1,500031,5.18,-999,-999,U/K,Unknown
QBH13A,304993.4,502693,36.61,-999,-999,U/K,Unknown
QBH13A,304993.4,502693,36.61,-999,-999,U/K,Unknown
QBH13B,304993.4,502693,36.61,-999,-999,U/K,Unknown
QBH13B,304993.4,502693,36.61,-999,-999,U/K,Unknown
QBH15,299288,506937,7.74,-999,-999,U/K,Unknown
QBH16,309614.5,499860.7,25.5,-999,-999,U/K,Unknown
QBH19,297237,512238,7.63,-999,-999,U/K,Unknown
QBH20,307297,497387,6.92,-999,-999,U/K,Unknown
QBH20A,307296,497388,6.9,-999,-999,U/K,Unknown
QBH21,302633,510785,84.83,-999,-999,U/K,Unknown
QBH21,302633,510785,84.83,-999,-999,U/K,Unknown
QBH22,299740,508772,36.9,-999,-999,U/K,Unknown
QBH22A,299740,508772,36.9,-999,-999,U/K,Unknown
QBH22B,299740,508772,36.9,-999,-999,U/K,Unknown
QBH23A,303441,506463,58.71,-999,-999,U/K,Unknown
QBH23A,303441,506463,58.71,-999,-999,U/K,Unknown
QBH23B,303441,506463,58.71,-999,-999,U/K,Unknown
QBH23B,303441,506463,58.71,-999,-999,U/K,Unknown
QBH24A,305180,501371,27.05,-999,-999,U/K,Unknown
QBH24A,305180,501371,27.05,-999,-999,U/K,Unknown
QBH25,301690,504580,15.04,-999,-999,U/K,Unknown
QBH25,301690,504580,15.04,-999,-999,U/K,Unknown
QBH26,301395,505489,7.99,-999,-999,U/K,Unknown
QBH26,301395,505489,7.99,-999,-999,U/K,Unknown
QBH2A,308098,499039,21.43,-999,-999,U/K,Unknown
QBH6A,306907,502501,58.34,-999,-999,U/K,Unknown
QBH6A,306907,502501,58.34,-999,-999,U/K,Unknown
1249P1,303050.89,503564.3,17.96,6,12,UPPER,Unknown
1276p1,303000.6,502992.82,23.16,3,4,UPPER,Unknown
1345p1,303114.54,502936.67,23.33,4,5,UPPER,Unknown
142p1,-999,-999,-999,,,#VALUE!,Unknown
142p2,-999,-999,-999,,,#VALUE!,Unknown
1491p1,302886.47,503909.91,21.26,6,12,UPPER,Unknown
149p1,-999,-999,-999,,,#VALUE!,Unknown
149p2,-999,-999,-999,,,#VALUE!,Unknown
149p3,-999,-999,-999,,,#VALUE!,Unknown
1729p1,302856.7,503830.62,20.26,4.7,7,UPPER,Unknown
18p1,302956.75,503999.34,22.26,6,9,UPPER,Unknown
1901P1,302538.48,503866.16,19.71,15,32.6,LOWER,Unknown
1244P1,302958.39,503183,16.97,3,17.1,UPPER,Unknown
1245p1,303127.7,503400.8,17,4,15,UPPER,Unknown
1247p1,302845.56,502929.28,17.59,14,20,UPPER,Unknown
1936p1,302632.1,503844.9,20.26,10.5,10.5,UPPER,Unknown
1936p1,302632.1,503844.9,20.26,10.5,10.5,UPPER,Unknown
19p1,302969.98,503992.29,22.26,10,13,UPPER,Unknown
2129p1,302983.82,503748.19,19.41,7.1,7.1,UPPER,Unknown
2129p1,302983.82,503748.19,19.41,7.1,7.1,UPPER,Unknown
2324p1,302690.24,504448.47,24.31,23.7,44.25,LOWER,Unknown
2325p1,302546.15,503346.66,14.56,10.6,31,LOWER,Unknown
26p1,302902.18,503790.54,19.46,8.5,8.5,UPPER,Unknown
26p1,302902.18,503790.54,19.46,8.5,8.5,UPPER,Unknown
2741PP1,302740.25,503149.39,14.56,5.7,17,UPPER,Unknown
2865P1,302618.14,503949.22,20.45,7,10,UPPER,Unknown
2865p2,302618.14,503949.22,20.45,3,5,UPPER,Unknown
317p1,302264.57,503518.49,19.86,7,25,UPPER,Unknown
33p1,303119.84,504688.35,36.56,,,#VALUE!,Unknown
379p1,302659.45,504264.15,24.41,,,#VALUE!,Unknown
381p1,302632.66,504213.86,24.16,17.7,17.7,UPPER,Unknown
381p1,302632.66,504213.86,24.16,17.7,17.7,UPPER,Unknown
401p1,303303.27,503214.46,22.85,12.7,12.7,UPPER,Unknown
401p1,303303.27,503214.46,22.85,12.7,12.7,UPPER,Unknown
406p1,302840.89,502973.68,19.96,13.3,13.3,UPPER,Unknown
406p1,302840.89,502973.68,19.96,13.3,13.3,UPPER,Unknown
406p2,302840.89,502973.68,19.96,5.6,5.6,UPPER,Unknown
406p2,302840.89,502973.68,19.96,5.6,5.6,UPPER,Unknown
407p1,303341.25,503126.27,28.85,20.5,20.5,UPPER,Unknown
407p1,303341.25,503126.27,28.85,20.5,20.5,UPPER,Unknown
407p2,303341.25,503126.27,28.85,2.5,2.5,UPPER,Unknown
407p2,303341.25,503126.27,28.85,2.5,2.5,UPPER,Unknown
408p1,303250.71,503083.88,29.94,22.1,22.1,UPPER,Unknown
408p1,303250.71,503083.88,29.94,22.1,22.1,UPPER,Unknown
410p1,303133.13,503033.24,24.17,13.65,13.65,UPPER,Unknown
410p1,303133.13,503033.24,24.17,13.65,13.65,UPPER,Unknown
410p2,303133.13,503033.24,24.17,3.65,3.65,UPPER,Unknown
410p2,303133.13,503033.24,24.17,3.65,3.65,UPPER,Unknown
411p1,303067.58,503005.86,23.52,14.4,14.4,UPPER,Unknown
411p1,303067.58,503005.86,23.52,14.4,14.4,UPPER,Unknown
411p2,303067.58,503005.86,23.52,8.7,8.7,UPPER,Unknown
411p2,303067.58,503005.86,23.52,8.7,8.7,UPPER,Unknown
411p3,303067.58,503005.86,23.52,2.05,2.05,UPPER,Unknown
411p3,303067.58,503005.86,23.52,2.05,2.05,UPPER,Unknown
415p1,303381.3,503031.32,32.31,22.3,22.3,UPPER,Unknown
415p1,303381.3,503031.32,32.31,22.3,22.3,UPPER,Unknown
416p1,303308.98,503001.88,35.24,27,27,UPPER,Unknown
416p1,303308.98,503001.88,35.24,27,27,UPPER,Unknown
416p2,303308.98,503001.88,35.24,13.62,13.62,UPPER,Unknown
416p2,303308.98,503001.88,35.24,13.62,13.62,UPPER,Unknown
417p1,303220.79,502963.9,30.18,20,20,UPPER,Unknown
417p1,303220.79,502963.9,30.18,20,20,UPPER,Unknown
421p1,303124.4,502867.98,23.59,14.5,14.5,UPPER,Unknown
421p1,303124.4,502867.98,23.59,14.5,14.5,UPPER,Unknown
421p2,303124.4,502867.98,23.59,3,3,UPPER,Unknown
421p2,303124.4,502867.98,23.59,3,3,UPPER,Unknown
422p1,303408.68,502965.77,33.4,23.45,23.45,UPPER,Unknown
422p1,303408.68,502965.77,33.4,23.45,23.45,UPPER,Unknown
422p2,303408.68,502965.77,33.4,,,U/K,Unknown
422p2,303408.68,502965.77,33.4,,,U/K,Unknown
423p1,303342.55,502916.04,35.06,26.5,26.5,UPPER,Unknown
423p1,303342.55,502916.04,35.06,26.5,26.5,UPPER,Unknown
423p2,303342.55,502916.04,35.06,9,9,UPPER,Unknown
423p2,303342.55,502916.04,35.06,9,9,UPPER,Unknown
423p3,303342.55,502916.04,35.06,3.5,3.5,UPPER,Unknown
423p3,303342.55,502916.04,35.06,3.5,3.5,UPPER,Unknown
424p1,303256.42,502871.29,32.46,23.3,23.3,UPPER,Unknown
424p1,303256.42,502871.29,32.46,23.3,23.3,UPPER,Unknown
424p2,303256.42,502871.29,32.46,14,14,UPPER,Unknown
424p2,303256.42,502871.29,32.46,14,14,UPPER,Unknown
425p1,303551.3,502946.44,29.09,5.15,5.15,UPPER,Unknown
425p1,303551.3,502946.44,29.09,5.15,5.15,UPPER,Unknown
425p2,303551.3,502946.44,29.09,3.05,3.05,UPPER,Unknown
425p2,303551.3,502946.44,29.09,3.05,3.05,UPPER,Unknown
426p1,303433.71,502895.8,33.47,25.1,25.1,UPPER,Unknown
426p1,303433.71,502895.8,33.47,25.1,25.1,UPPER,Unknown
426p2,303433.71,502895.8,33.47,10,10,UPPER,Unknown
426p2,303433.71,502895.8,33.47,10,10,UPPER,Unknown
427p1,303322.89,502847.22,33.73,24,24,UPPER,Unknown
427p1,303322.89,502847.22,33.73,24,24,UPPER,Unknown
427p2,303322.89,502847.22,33.73,2.4,2.4,UPPER,Unknown
427p2,303322.89,502847.22,33.73,2.4,2.4,UPPER,Unknown
428p1,303232.35,502804.83,28.56,18.5,18.5,UPPER,Unknown
428p1,303232.35,502804.83,28.56,18.5,18.5,UPPER,Unknown
429p1,303162.38,502779.8,24.04,13.5,13.5,UPPER,Unknown
429p1,303162.38,502779.8,24.04,13.5,13.5,UPPER,Unknown
429p2,303162.38,502779.8,24.04,4.15,4.15,UPPER,Unknown
429p2,303162.38,502779.8,24.04,4.15,4.15,UPPER,Unknown
430p1,302946.92,502662.35,19.77,7,7,UPPER,Unknown
430p1,302946.92,502662.35,19.77,7,7,UPPER,Unknown
430p2,302946.92,502662.35,19.77,3.35,3.35,UPPER,Unknown
430p2,302946.92,502662.35,19.77,3.35,3.35,UPPER,Unknown
431p1,303515.19,502846.74,32.24,1.65,1.65,UPPER,Unknown
431p1,303515.19,502846.74,32.24,1.65,1.65,UPPER,Unknown
432p1,303399.95,502800.51,31.84,3.1,3.1,UPPER,Unknown
432p1,303399.95,502800.51,31.84,3.1,3.1,UPPER,Unknown
433p1,303332.05,502768.72,29.86,7.2,7.2,UPPER,Unknown
433p1,303332.05,502768.72,29.86,7.2,7.2,UPPER,Unknown
433p2,303332.05,502768.72,29.86,1.1,1.1,UPPER,Unknown
433p2,303332.05,502768.72,29.86,1.1,1.1,UPPER,Unknown
434p1,303237.1,502728.68,26.12,4.9,4.9,UPPER,Unknown
434p1,303237.1,502728.68,26.12,4.9,4.9,UPPER,Unknown
435p1,303146.56,502686.28,20.57,6.1,6.1,UPPER,Unknown
435p1,303146.56,502686.28,20.57,6.1,6.1,UPPER,Unknown
4362p1,302560.65,503729.63,19.21,22.5,24.5,LOWER,Unknown
4362p2,302560.65,503729.63,19.21,22.5,24.5,LOWER,Unknown
4362p3,302560.65,503729.63,19.21,10.2,11,UPPER,Unknown
438p1,303330.03,502690.5,24.35,3.4,3.5,UPPER,Unknown
438p2,303330.03,502690.5,24.35,7.2,7.3,UPPER,Unknown
439p1,303155.72,502607.78,18.31,2.1,2.2,UPPER,Unknown
439p2,303155.72,502607.78,18.31,11.8,11.9,UPPER,Unknown
441p1,303557,502733.86,27.75,5.3,5.4,UPPER,Unknown
442p1,303456.78,502662.64,22.7,3.5,3.6,UPPER,Unknown
442p2,303456.78,502662.64,22.7,3.5,3.5,UPPER,Unknown
4431p1,302412.13,502814.1,8.76,4.5,4.5,UPPER,Unknown
4431p1,302412.13,502814.1,8.76,4.5,4.5,UPPER,Unknown
444p1,303276.56,502611.38,19.5,1.5,1.6,UPPER,Unknown
444p2,303276.56,502611.38,19.5,8.2,8.3,UPPER,Unknown
445p1,303057.27,502518.63,20.48,16.2,16.3,UPPER,Unknown
447p1,303523.82,502660.92,22.54,13.3,13.35,UPPER,Unknown
447p2,303523.82,502660.92,22.54,3.25,3.26,UPPER,Unknown
448p1,303239.78,502659.29,23.36,2.5,2.55,UPPER,Unknown
449p1,303196.05,502524,11.31,2.5,2.55,UPPER,Unknown
450p1,303152.55,502484.87,18.88,1.2,1.3,UPPER,Unknown
450p2,303152.55,502484.87,18.88,7.3,7.4,UPPER,Unknown
452p1,302990.27,502435.38,9.65,3.4,3.5,UPPER,Unknown
452p2,302990.27,502435.38,9.65,12.4,12.5,LOWER,Unknown
455p1,302948.94,502740.57,22.35,2,2.1,UPPER,Unknown
455p2,302948.94,502740.57,22.35,18.1,18.2,UPPER,Unknown
459p1,303094.58,502578.05,19.49,3.1,3.2,UPPER,Unknown
459p2,303094.58,502578.05,19.49,13.5,13.6,UPPER,Unknown
460p1,303677.56,502726.28,25.05,3.9,4,UPPER,Unknown
461p1,303084.65,502453.08,20.5,1.9,2,UPPER,Unknown
461p2,303084.65,502453.08,20.5,7.5,7.6,UPPER,Unknown
462p1,303035.59,502371.6,17.98,5.6,5.7,UPPER,Unknown
462p2,303035.59,502371.6,17.98,19.3,19.4,LOWER,Unknown
463p1,303371.18,503246.25,24.51,2.5,2.6,UPPER,Unknown
463p2,303371.18,503246.25,24.51,11.2,11.3,UPPER,Unknown
464p1,303494.47,503084.31,28.35,8.65,8.65,UPPER,Unknown
465p1,303274.79,503150.34,25.82,5.85,5.95,UPPER,Unknown
466p1,303092.9,502947.06,23.25,8,8.1,UPPER,Unknown
467p1,303028.01,502772.07,19.47,3.7,3.8,UPPER,Unknown
467p2,303028.01,502772.07,19.47,10.1,10.2,UPPER,Unknown
402p1,303208.32,503174.42,22.19,14.75,14.75,UPPER,Unknown
402p1,303208.32,503174.42,22.19,14.75,14.75,UPPER,Unknown
402p2,303208.32,503174.42,22.19,7,7,UPPER,Unknown
402p2,303208.32,503174.42,22.19,7,7,UPPER,Unknown
436p1,303008.69,502629.46,19.34,2.4,2.4,UPPER,Unknown
436p1,303008.69,502629.46,19.34,2.4,2.4,UPPER,Unknown
437p1,303606.06,502815.33,26.62,2.1,2.2,UPPER,Unknown
437p2,303606.06,502815.33,26.62,10.5,10.6,UPPER,Unknown
4689P1,303118.73,503394.43,16.77,9,12,UPPER,Unknown
4689P2,303118.73,503394.43,16.77,5,8,UPPER,Unknown
468p1,302532.98,502757.09,6.09,4.3,4.4,UPPER,Unknown
468p2,302532.98,502757.09,6.09,15.9,16,LOWER,Unknown
5316p1,303372.02,503243.14,24.82,21.2,21.35,UPPER,Unknown
5316p2,303372.02,503243.14,24.82,12.7,12.9,UPPER,Unknown
5318p1,303324.52,503072.16,32.27,28.9,29.1,UPPER,Unknown
5319p1,303288.02,503244.5,21.86,18.5,18.7,UPPER,Unknown
5319p2,303288.02,503244.5,21.86,8.6,8.8,UPPER,Unknown
5325p1,303241.08,503085.27,30.19,28.5,28.8,UPPER,Unknown
543p1,302932.19,503757.57,18.76,4.2,4.2,UPPER,Unknown
543p1,302932.19,503757.57,18.76,4.2,4.2,UPPER,Unknown
55p1,302751.93,504295.31,24.65,16.7,25.9,UPPER,Unknown
560p1,302850.51,503434.08,22.21,21.5,21.5,UPPER,Unknown
560p1,302850.51,503434.08,22.21,21.5,21.5,UPPER,Unknown
5677p1,301278.71,504653.29,5.76,53.8,54,LOWER,Unknown
5677p2,301278.71,504653.29,5.76,4.8,5,UPPER,Unknown
5681p1,301694.1,504345.39,23.86,148.8,150,LOWER,Unknown
5681p1,301694.1,504345.39,23.86,148.8,150,LOWER,Unknown
5681p2,301694.1,504345.39,23.86,19.8,20,UPPER,Unknown
5681p2,301694.1,504345.39,23.86,19.8,20,UPPER,Unknown
5685p1,302000.54,503844.54,21.66,19.8,20,UPPER,Unknown
5686p1,301872.02,505254.64,30.66,98.8,100,LOWER,Unknown
5686p2,301872.02,505254.64,30.66,20.8,21,UPPER,Unknown
5687p1,302025.52,504099.96,19.46,32,41.4,LOWER,Unknown
5687p2,302025.52,504099.96,19.46,17,25.4,LOWER,Unknown
5687p3,302025.52,504099.96,19.46,8,10.8,UPPER,Unknown
5688p1,302259.45,504253.93,19.46,27,39.2,LOWER,Unknown
5688p2,302259.45,504253.93,19.46,21.5,24.9,LOWER,Unknown
5688p3,302259.45,504253.93,19.46,10,15.6,UPPER,Unknown
5689p1,302221.44,504748.8,27.36,28.8,29,LOWER,Unknown
5689p2,302221.44,504748.8,27.36,17.3,17.5,UPPER,Unknown
5690p1,302232.93,504919.75,31.96,22.8,23,UPPER,Unknown
5690p2,302232.93,504919.75,31.96,7.8,8,UPPER,Unknown
5691p1,302071.98,504901.24,22.96,22.8,23,UPPER,Unknown
5691p2,302071.98,504901.24,22.96,10.8,11,UPPER,Unknown
5692p1,302220.93,505089.7,32.86,49.8,50,LOWER,Unknown
5692p2,302220.93,505089.7,32.86,21.3,21.5,UPPER,Unknown
5693p1,302076.47,505081.7,34.56,28.8,29,UPPER,Unknown
5697p1,302216.95,504527.86,19.26,64.3,64.5,LOWER,Unknown
5697p2,302216.95,504527.86,19.26,7.8,8,UPPER,Unknown
5698p1,302308.92,504588.34,21.76,99.8,100,LOWER,Unknown
5698p2,302308.92,504588.34,21.76,28.8,30,LOWER,Unknown
5701p1,301959.99,505263.14,29.46,24.8,25,UPPER,Unknown
5703p1,302387.88,505090.7,46.06,64.8,65,LOWER,Unknown
5703p2,302387.88,505090.7,46.06,39.3,39.5,UPPER,Unknown
5707p1,302601.34,504727.32,30.06,16.8,17,UPPER,Unknown
5708p1,302336.41,504762.3,26.16,18.7,18.9,UPPER,Unknown
5714p1,302702.8,504971.75,39.96,24.3,24.5,UPPER,Unknown
579p1,302837.15,504808.34,37.57,9.5,9.5,UPPER,Unknown
579p1,302837.15,504808.34,37.57,9.5,9.5,UPPER,Unknown
579p2,302837.15,504808.34,37.57,4.5,4.5,UPPER,Unknown
579p2,302837.15,504808.34,37.57,4.5,4.5,UPPER,Unknown
583p1,302601.48,504652.95,26.32,23.5,23.5,UPPER,Unknown
583p1,302601.48,504652.95,26.32,23.5,23.5,UPPER,Unknown
583p2,302601.48,504652.95,26.32,3.5,3.5,UPPER,Unknown
583p2,302601.48,504652.95,26.32,3.5,3.5,UPPER,Unknown
584p1,302867.13,504617.93,31.75,10.65,10.65,UPPER,Unknown
584p1,302867.13,504617.93,31.75,10.65,10.65,UPPER,Unknown
584p2,302867.13,504617.93,31.75,6.65,6.65,UPPER,Unknown
584p2,302867.13,504617.93,31.75,6.65,6.65,UPPER,Unknown
586p1,302962.53,504797.06,37.77,7.15,7.15,UPPER,Unknown
586p1,302962.53,504797.06,37.77,7.15,7.15,UPPER,Unknown
586p2,302962.53,504797.06,37.77,3.15,3.15,UPPER,Unknown
586p2,302962.53,504797.06,37.77,3.15,3.15,UPPER,Unknown
589/1p1,302730.45,504642.03,29.19,7,7,UPPER,Unknown
589/1p1,302730.45,504642.03,29.19,7,7,UPPER,Unknown
591p1,302629.9,504610.63,25.8,25.5,25.5,UPPER,Unknown
591p1,302629.9,504610.63,25.8,25.5,25.5,UPPER,Unknown
591p2,302629.9,504610.63,25.8,9.5,9.5,UPPER,Unknown
591p2,302629.9,504610.63,25.8,9.5,9.5,UPPER,Unknown
592p1,302664.45,504675.7,27.1,21,21,UPPER,Unknown
592p1,302664.45,504675.7,27.1,21,21,UPPER,Unknown
592p2,302664.45,504675.7,27.1,5.5,5.5,UPPER,Unknown
592p2,302664.45,504675.7,27.1,5.5,5.5,UPPER,Unknown
593p1,302716.5,504760.46,33.51,2.7,2.7,UPPER,Unknown
593p1,302716.5,504760.46,33.51,2.7,2.7,UPPER,Unknown
594p1,302637.05,504662.32,27.44,5.7,5.7,UPPER,Unknown
594p1,302637.05,504662.32,27.44,5.7,5.7,UPPER,Unknown
595p1,302626.33,504697.48,27.16,16.5,16.5,UPPER,Unknown
595p1,302626.33,504697.48,27.16,16.5,16.5,UPPER,Unknown
595p2,302626.33,504697.48,27.16,3.5,3.5,UPPER,Unknown
595p2,302626.33,504697.48,27.16,3.5,3.5,UPPER,Unknown
597p1,302692.77,504716.12,30.12,17,17,UPPER,Unknown
597p1,302692.77,504716.12,30.12,17,17,UPPER,Unknown
597p2,302692.77,504716.12,30.12,4.75,4.75,UPPER,Unknown
597p2,302692.77,504716.12,30.12,4.75,4.75,UPPER,Unknown
610p1,302730.01,504573.16,27.58,31.2,31.2,LOWER,Unknown
4691P1,302489.96,503836.84,20.16,13,16.2,UPPER,Unknown
4691P2,302489.96,503836.84,20.16,7.5,10.8,UPPER,Unknown
469p1,302567.69,502732.94,6.14,8.5,8.5,LOWER,Unknown
469p1,302567.69,502732.94,6.14,8.5,8.5,LOWER,Unknown
470p1,302541.71,502713.93,5.99,14.2,14.2,LOWER,Unknown
470p1,302541.71,502713.93,5.99,14.2,14.2,LOWER,Unknown
471p1,302501.35,502744.49,5.74,9,9,LOWER,Unknown
471p1,302501.35,502744.49,5.74,9,9,LOWER,Unknown
4789Pp1,302829.57,503568.58,17.21,17,19,LOWER,Unknown
4790Pp1,302826.36,503568.19,16.96,2.5,5.5,UPPER,Unknown
4791Pp1,302877.15,503747.17,18.39,19.5,21,LOWER,Unknown
4792Pp1,302879.5,503745.96,18.38,4.5,6,UPPER,Unknown
5011p1,303302.27,503321.52,41.4,5.5,5.5,UPPER,Unknown
5011p1,303302.27,503321.52,41.4,5.5,5.5,UPPER,Unknown
4685P1,302773.25,503593.71,16.82,4,10,UPPER,Unknown
4687p1,302828.37,503077.76,14.66,5.1,17,UPPER,Unknown
611p1,302781.45,504616.79,30.65,4.8,4.81,UPPER,Unknown
611p2,302781.45,504616.79,30.65,13.5,13.51,UPPER,Unknown
615p1,303095.04,503620.99,16.91,21.3,21.4,LOWER,Unknown
615p2,303095.04,503620.99,16.91,8,8.1,UPPER,Unknown
616/1p1,302924.66,503656.24,17.96,9.5,9.5,UPPER,Unknown
616/1p1,302924.66,503656.24,17.96,9.5,9.5,UPPER,Unknown
619p1,302874.9,503564.94,17.03,4.5,4.5,UPPER,Unknown
621p1,302858.8,503651.67,16.76,10.1,10.1,UPPER,Unknown
621p1,302858.8,503651.67,16.76,10.1,10.1,UPPER,Unknown
625p1,303206.13,504339.97,29.51,8.3,8.3,UPPER,Unknown
625p1,303206.13,504339.97,29.51,8.3,8.3,UPPER,Unknown
641p1,303069.64,503207.51,17.77,19.7,19.7,LOWER,Unknown
641p1,303069.64,503207.51,17.77,19.7,19.7,LOWER,Unknown
643p1,303129.19,503244.88,19.51,19.5,19.5,UPPER,Unknown
643p1,303129.19,503244.88,19.51,19.5,19.5,UPPER,Unknown
647p1,303045.11,503106.17,23.01,17.5,17.5,UPPER,Unknown
647p1,303045.11,503106.17,23.01,17.5,17.5,UPPER,Unknown
648p1,302300.98,503091.34,9.69,7.5,7.5,UPPER,Unknown
648p1,302300.98,503091.34,9.69,7.5,7.5,UPPER,Unknown
650p1,302189.22,503024,6.98,9,9,LOWER,Unknown
650p1,302189.22,503024,6.98,9,9,LOWER,Unknown
6952P1,303083.48,503198.9,17.19,7.6,8.6,UPPER,Unknown
6953P1,302955.67,503122.27,16.55,9.5,10.5,UPPER,Active
6954P1,303001.55,503428.41,16.79,8.9,9.9,UPPER,Active
6955p1,303259.68,503994.3,22.1,5.8,6.8,UPPER,Active
6956P1,303337.21,503821.07,21.86,12,13,UPPER,Active
6957P1,303385.37,503637.01,21.65,23,24,LOWER,Active
6957P2,303385.37,503637.01,21.65,14,15,UPPER,Active
6958P1,303010.19,504713.5,31.45,12.5,13.5,UPPER,Active
6959P1,302618.12,504554.42,23.98,20.15,21.15,UPPER,Active
6960P1,303015.11,504474.31,29.04,13.8,14.8,UPPER,Active
6961P1,302678.83,504909.16,37.52,22.7,23.7,UPPER,Active
6962P1,302983.77,504880.24,32.75,18.5,19.5,UPPER,Active
6963P1,303108.01,504936.37,36.77,22.5,23.5,UPPER,Active
6964P1,303352.39,504841.36,48.38,26,29,UPPER,Active
6965p1,303254.1,502737.01,27.7,21.5,22.5,UPPER,Active
6966P1,303346.26,503269.98,22.27,8.1,9.1,UPPER,Active
6967P1,303502.28,503791.82,33.72,20.2,21.2,UPPER,Active
6969p1,302217.9,504058.03,18.01,34,35,LOWER,Active
6969p2,302217.9,504058.03,18.01,23,24,LOWER,Active
6970p1,301920.59,503793,23.68,49,50,LOWER,Active
6970P2,301920.59,503793,23.68,27,28,LOWER,Active
6971p1,301793.98,503985.23,21.8,39.4,40.4,LOWER,Active
6971p2,301793.98,503985.23,21.8,19,20,UPPER,Active
6972p1,302145.87,503862.55,25.87,52,53,LOWER,Active
6972P2,302145.87,503862.55,25.87,16.45,17.45,UPPER,Active
6973P1,302103.09,503489.97,19.62,38,39,LOWER,Active
6973P2,302103.09,503489.97,19.62,28.3,29.3,LOWER,Active
6974P1,302091.12,503683.67,23.46,39,40,LOWER,Active
6974P2,302091.12,503683.67,23.46,23.5,24.5,LOWER,Active
6975P1,301830,503567,7.9,35,36,LOWER,Active
6975P2,301830,503567,7.9,13,14,LOWER,Active
6976P1,302247.47,503668.82,19.71,44.3,45.3,LOWER,Active
6976p2,302247.47,503668.82,19.71,20,21,LOWER,Active
6977P1,302239.9,502973.22,7.17,16.5,17.5,LOWER,Active
6977P2,302239.9,502973.22,7.17,11,12,LOWER,Active
6978P1,302057,503282,8.8,18.8,19.8,LOWER,Active
6979P1,302527.18,502790.81,9.24,12.4,13.4,LOWER,Active
6979p2,302527.18,502790.81,9.24,6,7,UPPER,Active
6980P1,302598.57,502471.52,5.81,13,14,LOWER,Active
6981P1,302495.02,502650.98,6.75,13.8,14.8,LOWER,Active
6981P2,302495.02,502650.98,6.75,6,8,LOWER,Active
6982p1,303615.35,504186.73,46.22,25.25,26.25,UPPER,Active
6984P1,303356.27,504313.11,28.61,74,75,LOWER,Active
6984P2,303356.27,504313.11,28.61,49,50,LOWER,Active
6985P1,302901.35,503982.16,22.51,45,46,LOWER,Active
6985P2,302901.35,503982.16,22.51,30,31,LOWER,Active
6986P1,302361.16,503729.69,21.06,50,52.9,LOWER,Active
6986P2,302361.16,503729.69,21.06,19,21.9,UPPER,Active
6916P1,302555.4,503409.64,15.51,12,13,UPPER,Active
6917P1,302363.76,503433.3,17.18,18.85,19.85,LOWER,Active
6917P2,302363.76,503433.3,17.18,13.5,14.5,UPPER,Active
6918P1,302422.02,503290.05,15.21,15.5,16.5,LOWER,Active
6919P1,302309.64,503148.67,10.31,11.5,12.5,LOWER,Active
6920P1,302232.16,503322.79,17.03,22,23,LOWER,Active
6920P2,302232.16,503322.79,17.03,16,17,UPPER,Active
6923P1,302487.36,502956.92,11.66,10.8,11.8,UPPER,Active
6925P1,302756.47,502414.58,5.26,6.9,7.9,LOWER,Active
6926P1,302757.37,503644.83,16.96,17.8,18.8,LOWER,Active
6926P2,302757.37,503644.83,16.96,7,8,UPPER,Active
6927P1,302933.69,503629.56,18.61,10.7,11.7,UPPER,Active
6928P1,302791.68,503368.26,14.97,8,9,UPPER,Active
6930P1,303023.44,503855.69,20.28,23.65,24.65,LOWER,Active
6930P2,303023.44,503855.69,20.28,12.7,13.7,UPPER,Active
6935P1,302472.16,504384.16,22.84,15,16,UPPER,Active
6935P2,302472.16,504384.16,22.84,23,24,LOWER,Active
6936Bp1,302667,504368,24.32,24,25,LOWER,Active
6936Bp2,302667,504368,24.32,15,16,UPPER,Active
6936P1,302667,504368,24.32,24,26,LOWER,Active
6936P2,302667,504368,24.32,15,16,UPPER,Active
6937p1,302887.95,504314.88,25.04,14,15,UPPER,Active
6938P1,302964.71,504267.11,25.09,14,15,UPPER,Active
6940P1,302922.95,504404.28,27.5,19.55,20.55,UPPER,Active
6941P1,303134.8,504336.44,28.91,16,17,UPPER,Active
6942P1,303360.32,504315.71,28.33,34,35,LOWER,Active
6942P2,303360.32,504315.71,28.33,19,20,UPPER,Active
6945P1,303404.47,504198.53,28.47,12.8,13.8,UPPER,Active
6946p1,303317.09,504640.51,45.94,26.7,27.7,UPPER,Active
6947p1,302900.38,502817.48,20.32,11.5,12.5,UPPER,Active
6948P1,302819.4,503217.99,14.24,8,9,UPPER,Active
6949P1,302978.01,502620.64,20.26,15.7,16.7,UPPER,Active
6951P1,303096.28,503614.95,18.52,12.9,13.9,UPPER,Active
6226P1,302267.83,503558.66,20.09,34.68,35.57,LOWER,Active
6226p1,302267.83,503558.66,20.09,,,U/K,Active
6226p2,302267.83,503558.66,20.09,24.67,25.56,LOWER,Active
6227p1,302263.22,503551.96,20.09,48.84,49.72,LOWER,Active
6227p2,302263.22,503551.96,20.09,40.28,41.17,LOWER,Active
6228P1,302257.84,503558.06,19.99,25.15,26.1,LOWER,Active
6228P2,302257.84,503558.06,19.99,16.09,17.05,UPPER,Active
6229P1,302260.24,503569.04,20.02,12.9,13.8,UPPER,Active
6229p1,302260.24,503569.04,20.02,,,U/K,Active
6229p2,302260.24,503569.04,20.02,2,2,UPPER,Active
6904P1,302608.52,503567.31,16.1,10.5,11.5,UPPER,Active
6905P1,302542.22,503498.65,17.68,20,21,LOWER,Active
6905P2,302542.22,503498.65,17.68,8,9,UPPER,Active
6906P1,302558.65,504206.72,23.62,26,27,LOWER,Active
6906P2,302558.65,504206.72,23.62,15.5,16.5,UPPER,Active
6907P1,302393.68,504149.16,20.37,22.5,24.5,LOWER,Active
6908p1,302375.38,504004,22.41,44.8,45.8,LOWER,Active
6908P2,302375.38,504004,22.41,19,20,UPPER,Active
6909P1,302313.97,503881.57,21.43,34,35,LOWER,Active
6909P2,302313.97,503881.57,21.43,23.6,24.6,LOWER,Active
6910P1,302400.73,503746.49,20.23,50,55,LOWER,Active
6910P2,302400.73,503746.49,20.23,18,20,UPPER,Active
6911P1,302014.02,503321.99,13.97,64,65,LOWER,Active
6911P2,302014.02,503321.99,13.97,49,50,LOWER,Active
6912P1,302008.09,503325,13.95,38,39,LOWER,Active
6912P2,302008.09,503325,13.95,29,30,LOWER,Active
6913P1,302097.84,503495.12,19.59,74,75,LOWER,Active
6913P2,302097.84,503495.12,19.59,44.5,45.5,LOWER,Active
6914P1,302242.43,503665.5,21,65,66,LOWER,Active
6914P2,302242.43,503665.5,21,55,56,LOWER,Active
6192P1,303264.08,503434.57,18.47,10,11,UPPER,Active
6192P2,303264.08,503434.57,18.47,5,6,UPPER,Active
6193P1,303256.79,503411.12,18,10,11,UPPER,Active
6193P2,303256.79,503411.12,18,5.5,6.5,UPPER,Active
4684P1,302956.9,503489,17.75,5,9,UPPER,Active
5080PP1,303029.84,504456.22,28.95,13.5,14.5,UPPER,Active
4992P1,302727.59,503546.4,16.76,12.3,15.1,UPPER,Active
4992P2,302727.59,503546.4,16.76,4.7,7.5,UPPER,Active
4993P1,302672.01,503206.34,15.02,8.5,10,UPPER,Active
4993p2,302672.01,503206.34,15.02,3,5.8,UPPER,Active
4994P1,302637.68,503225.62,14.2,8.1,10,UPPER,Active
4994P2,302637.68,503225.62,14.2,2.5,5.5,UPPER,Active
4995P1,302753.02,503316.34,15.25,9.5,10.5,UPPER,Active
4995p2,302753.02,503316.34,15.25,3.2,6,UPPER,Active
4996P1,302558.38,503276.75,16.61,14.2,17,UPPER,Active
4996P2,302558.38,503276.75,16.61,5,7.8,UPPER,Active
6113P1,302381.58,503670.9,18.27,17,19,UPPER,Active
6113P2,302381.58,503670.9,18.27,6.5,9.5,UPPER,Active
6118p1,302361.13,503716.51,20.15,19,22,LOWER,Active
6118p2,302361.13,503716.51,20.15,9,12,UPPER,Active
5767P1,302954.37,503744.54,20.05,5.25,6.25,UPPER,Active
2794P1,302899,503809.06,20.16,6,17.9,UPPER,Active
2796P1,303160.55,503721.57,19.52,13.25,14.75,UPPER,Active
2796P2,303160.55,503721.57,19.52,3,11.75,UPPER,Active
4682P1,303044.63,503967.03,23.35,2,10.8,UPPER,Active
4041p1,302541.16,503848.31,19.62,29.4,29.6,LOWER,Active
4041P2,302541.16,503848.31,19.62,21,24,LOWER,Active
4041P3,302541.16,503848.31,19.62,6,9,UPPER,Active
4538PP1,302854.18,503804.52,20.26,17.3,20.7,UPPER,Active
4538PP2,302854.18,503804.52,20.26,11.5,13.5,UPPER,Active
4538PP3,302854.18,503804.52,20.26,4.5,7.5,UPPER,Active
4539P1,302763.06,503863.32,19.87,17.5,20.3,UPPER,Active
4539P2,302763.06,503863.32,19.87,10.1,12.9,UPPER,Active
4539P3,302763.06,503863.32,19.87,4.2,7,UPPER,Active
4539PP1,302763.06,503863.32,19.87,17.5,20.3,UPPER,Active
4539PP2,302763.06,503863.32,19.87,10.1,12.9,UPPER,Active
4539PP3,302763.06,503863.32,19.87,4.2,7,UPPER,Active
4540p1,302691.67,503821.31,20,19,21.2,LOWER,Active
4540P2,302691.67,503821.31,20,12.2,12.4,UPPER,Active
4540P3,302691.67,503821.31,20,5.2,6.5,UPPER,Active
4541p1,302658.11,503781.91,19.37,16.9,18.9,UPPER,Active
4541p2,302658.11,503781.91,19.37,8,10.5,UPPER,Active
4541P3,302658.11,503781.91,19.37,4.2,6.2,UPPER,Active
4541PP1,302658.11,503781.91,19.37,16.9,18.9,UPPER,Active
4541PP2,302658.11,503781.91,19.37,8,10.5,UPPER,Active
4541Pp3,302658.11,503781.91,19.37,4,6.2,UPPER,Active
4542P1,302705.62,503741.44,19.8,14.5,17.8,UPPER,Active
4542P2,302705.62,503741.44,19.8,4.6,7.4,UPPER,Active
4543P1,302746.88,503716.94,19.95,15.5,19,UPPER,Active
4543P2,302746.88,503716.94,19.95,6.4,9,UPPER,Active
4543p3,302746.88,503716.94,19.95,2.8,4.5,UPPER,Active
4363P1,302587.81,503783.95,19.54,18.5,21.5,LOWER,Active
4363p2,302587.81,503783.95,19.54,11,12,UPPER,Active
4363p3,302587.81,503783.95,19.54,7,7.9,UPPER,Active
2976P1,302598.29,503834.59,19.15,11,12,UPPER,Active
2976P2,302598.29,503834.59,19.15,,,U/K,Active
2976p3,302598.29,503834.59,19.15,,,U/K,Active
3005P1,302865.83,503856.29,19.9,15.5,24,UPPER,Active
3005P2,302865.83,503856.29,19.9,5,7,UPPER,Active
3006P1,302855.34,503833.63,19.83,6.3,12,UPPER,Active
3020p1,302843.5,503622.4,16.96,4.5,10,UPPER,Active
2742PAP1,302645.59,502995.11,15.31,9,15,UPPER,Active
2742Pp1,302646.46,502995.68,15.26,8,17,UPPER,Active
2743PP1,302512.92,503044.66,12.63,5.8,21,LOWER,Active
2744P1,302493.92,503109.48,14.92,6.1,17.55,UPPER,Active
2744PP1,302493.92,503109.48,14.92,6.1,17.55,UPPER,Active
2724Bp1,302761.99,504043.02,22.86,6.6,15,UPPER,Active
2724Bp2,302761.99,504043.02,22.86,4.5,4.8,UPPER,Active
2564P1,302704.01,503019.2,15.7,6.9,15.6,UPPER,Active
1248PP1,302892.22,502885.71,18.61,14.3,20.3,UPPER,Active
1246Pp1,302802.87,503025.64,14.5,11.5,17.5,LOWER,Active
2028PP1,302895.08,503373.37,14.51,3.5,9.5,UPPER,Active
10260,302757.19,503576.23,15.65,3.21,7.21,UPPER,Active
10261,302654.48,504074.76,21.62,8.89,10.89,UPPER,Active
10264,302613.74,503944.93,20.5,9.32,12.32,UPPER,Active
10265,302990.87,504119.41,24.05,25.94,29.94,LOWER,Active
10266,302993.68,504118.09,24.07,8.45,13.45,UPPER,Active
10267,302512.48,504127.96,22.72,9.02,15.22,UPPER,Active
10268,302517.79,504131.81,22.76,24.4,28.4,LOWER,Active
10269,302524.35,503901.64,19.83,26.06,30.06,LOWER,Active
10270,302527.2,503904.54,19.92,5.78,7.78,UPPER,Active
10271,303046.2,504091.1,24.07,20.33,22.33,UPPER,Active
10272,303051.76,504089.49,24.03,11.3,13.3,UPPER,Active
10273,302458.63,503930.62,20.76,23.1,27.1,LOWER,Active
10274,302459.43,503939.24,20.72,9.38,15.38,UPPER,Active
10275,302478.35,503874.07,19.92,23.16,27.16,LOWER,Active
10277,302555.34,503850.95,18.92,22.14,26.14,LOWER,Active
10278,302553.11,503847.57,18.97,5.6,7.6,UPPER,Active
10279,302657.17,503880.65,20.36,26.66,29.66,LOWER,Active
10280,302653.97,503882.09,20.35,5.35,11.35,UPPER,Active
10281,302804.58,503912.22,21.86,26.11,30.21,LOWER,Active
10282,302807.46,503910.93,21.78,6.18,11.18,UPPER,Active
10283,302723.87,503885.86,20.48,25,29,LOWER,Active
10284,302719.06,503888.5,20.49,18,21,UPPER,Active
10285,303108.63,504083.2,23.66,26.32,30.32,LOWER,Active
10286,303110.12,504086.21,23.68,8.4,12.9,UPPER,Active
10287,302845.5,503970.14,21.25,24.2,27.2,LOWER,Active
10288,302843.99,503970.86,21.25,9.3,11.3,UPPER,Active
10289,302522.57,503785.18,19.27,27,31,LOWER,Active
10290,302732.73,503958.78,21.29,24.77,28.07,LOWER,Active
10291,302718.09,504029.41,22.44,26.46,30.46,LOWER,Active
10292,302720.48,504027.77,22.42,6.9,10.9,UPPER,Active
10293,302827.31,504095.06,23.24,26.1,30.1,LOWER,Active
10294,302825.31,504094.98,23.26,7.82,10.82,UPPER,Active
10295,303014.67,504009.34,22.25,26,30,LOWER,Active
10296,303013.92,504007.56,22.26,11.93,14.93,UPPER,Active
10297,302794.14,503834.27,19.79,16.55,19.55,UPPER,Active
10298,302798.36,503832.03,19.81,4.1,10.1,UPPER,Active
10299,302990.63,503898.37,21.28,24.8,26.8,LOWER,Active
10300,302677.83,503985.96,21.67,22,25,LOWER,Active
10301,302675.4,503987.3,21.63,9.68,11.68,UPPER,Active
10001,302452.1,504024.46,21.62,28.43,32.43,LOWER,Active
10002,302453.48,504026.27,21.64,11.45,15.45,UPPER,Active
10003,302598.74,503791.27,20.09,27.45,31.45,LOWER,Active
10004,303157.8,504054.22,23.61,17.43,20.43,UPPER,Active
10006,303129.13,503934.18,21.35,21.5,24.5,LOWER,Active
10007,303128.91,503937.85,21.38,5.82,11.82,UPPER,Active
10008,302504.61,503677.62,17.84,14.22,17.22,UPPER,Active
10012,302400.82,503817.73,19.9,25.87,29.87,LOWER,Active
10039,302774.73,504238.62,24.36,12.66,14.66,UPPER,Active
10065,302747.66,503947.64,21.19,6.7,7.9,UPPER,Active
10066,302775.06,503921.45,21.28,9.03,12.03,UPPER,Active
10067,302799.2,503911.14,21.89,4.29,5.79,UPPER,Active
10087,302870.71,503866.33,20.68,7.5,10.5,UPPER,Active
10090,302862.55,503844.76,20.26,3.05,5.25,UPPER,Active
10105,302969.83,503910.4,21.34,12.7,14.6,UPPER,Active
10110,302511.69,503764.72,19.12,8.8,10.8,UPPER,Active
10111,302507.47,503757.11,19.06,13,15,UPPER,Active
10112,302509.57,503760.73,19.1,5.57,7.57,UPPER,Active
10125,302562.05,503850.34,19.08,6.17,9.17,UPPER,Active
10130,302632.88,503871.45,20.63,5.66,8.66,UPPER,Active
10131,302630.03,503848.85,20.13,7.5,10.5,UPPER,Active
10132,302660.62,503834.21,20.24,8.46,10.46,UPPER,Active
10138,302642,504166,23.3,24.27,25.77,LOWER,Active
10143,302722.02,504109.87,23.06,11.67,14.67,UPPER,Active
10147,302692.31,504250.49,23.65,25.27,29.27,LOWER,Active
10149,302763.26,504026.65,22.2,9.12,11.12,UPPER,Active
10155,302750.4,504023.05,22.27,9.59,12.59,UPPER,Active
10175,302428.39,503774.94,19.87,7.66,10.66,UPPER,Active
10176,302433.04,503770.06,19.94,7.54,10.54,UPPER,Active
10182,302540.38,503817.47,19.05,6.25,9.25,UPPER,Active
10183,302545.21,503856.81,19.99,6.06,10.06,UPPER,Active
10184,302527.31,503852.25,20.76,7.7,9.7,UPPER,Active
10202,302953.15,503961.79,22.56,12.98,14.98,UPPER,Active
10203,302944.28,503966.25,22.56,12.96,14.96,UPPER,Active
10204,302930.82,503972.43,22.58,13,15,UPPER,Active
10205,302923.28,503988.74,22.64,13.07,15.07,UPPER,Active
10257,302569.51,504073,21.58,6.52,9.52,UPPER,Active
10304,302991.48,503811.88,19.83,26.26,30.26,LOWER,Active
10305,302990.01,503809.29,20.11,8.24,12.24,UPPER,Active
10306,302858.74,503828.9,20.3,18.5,21.5,UPPER,Active
10307,302688.16,504102.16,22.76,7,12,UPPER,Active
10308,302686.41,504098.87,22.73,20,24,UPPER,Active
10310,302759.4,504249.84,24.39,27.4,29.4,LOWER,Active
10311,302762.07,504248.05,24.39,13.12,15.12,UPPER,Active
10312,302730.01,504265.31,24.41,25.85,27.85,LOWER,Active
10313,302732.32,504268.96,24.47,16.45,18.95,UPPER,Active
10314,303001.09,504083.13,24.05,12.18,16.18,UPPER,Active
10315,302620.52,503826.65,19.82,25.94,29.54,LOWER,Active
10316,302746.94,504184.92,24.27,26.32,30.32,LOWER,Active
10317,302747.83,504182.52,24.56,11,15,UPPER,Active
10318,302836.85,504135.23,23.95,27.5,30.5,LOWER,Active
10319,302819.02,504216.22,24.5,26,30,LOWER,Active
10320,302888.32,504177.16,24.5,26.17,30.17,LOWER,Active
10321,302891.43,504175.53,24.5,10.7,14.7,UPPER,Active
10322,302465.02,503724.8,19.34,51.3,55.3,LOWER,Active
10323,302522.2,503898.3,19.81,42.7,48.7,LOWER,Active
10324,302642,503605.66,15.31,34.7,38.7,LOWER,Active
10325,302711.53,503521.92,16.37,26.17,30.17,LOWER,Active
10326,302585.52,503196.73,13.95,35.66,39.76,LOWER,Active
10327,302587.57,503200.12,13.95,21.14,25.14,LOWER,Active
10328,302600.92,503707.09,17.94,55.48,59.48,LOWER,Active
10329,302738.02,503842.39,19.92,40.78,46.78,LOWER,Active
10330,302710.73,504116.58,22.98,51.7,57.7,LOWER,Active
10331,302954.2,503718.94,18.62,40.6,44.6,LOWER,Active
10332,302887.89,503761.58,19.66,41.13,45.13,LOWER,Active
10333,302678.06,503723.26,16.94,23.3,27.3,LOWER,Active
10334,302680.55,503721.88,16.88,30.97,33.97,LOWER,Active
10335,302578.78,504068.59,21.56,39.5,45.5,LOWER,Active
10336,302576.86,504069.41,21.58,24.1,30.1,LOWER,Active
10337,302506.65,504058.43,21.03,49,52.15,LOWER,Active
10338,302506.65,504058.43,21.03,26,29.7,LOWER,Active
10339,302392.5,504120.52,20.41,49.1,53.1,LOWER,Active
10342,302932.22,503630.33,18.45,27,33,LOWER,Active
10346,302549.37,504108.55,22.35,3.84,6.84,UPPER,Active
10348,302481.92,503782.56,19.96,8.13,11.13,UPPER,Active
10350,302920.49,503771.55,20.22,7.77,11.77,UPPER,Active
10351,302449.47,503741.78,19.91,9.72,12.72,UPPER,Active
10352,302836.32,504048.64,22.78,35.17,39.17,LOWER,Active
10353,302839.08,504047.14,22.73,5.6,8.6,UPPER,Active
10355,302531.9,503852.04,20.72,8.31,10.81,UPPER,Active
10356,302530.18,503856.28,20.83,8.52,10.02,UPPER,Active
10357,302447.17,503752.25,19.69,9.84,13.84,UPPER,Active
10359,302685.99,504154.45,23.31,11.02,15.02,UPPER,Active
10360,302733.13,504232.67,23.75,13,15,UPPER,Active
10455,303348,503219,,,,U/K,Active
10455,303234,502998,26,,,U/K,Active
10455,303234,502998,18.86,,,U/K,Active
10471,302735.39,504087.12,22.96,37,38,LOWER,Active
10472,302734.63,504087.51,22.95,16,18,UPPER,Active
10500,302831.35,503692.14,16.72,7,10,UPPER,Active
10501,302886.07,503680.09,17.12,8,11,UPPER,Active
10502,302777.44,503718.07,19.54,9,12,UPPER,Active
10503,302830.98,503450.83,15.72,7,9,UPPER,Active
10504,302813.44,503300.29,15.23,,,U/K,Active
10505,302592.79,503277.42,14.82,5,8,UPPER,Active
10506,303253.46,503423.37,18.33,,,U/K,Active
10507,303013,504416.32,27.6,12,15,UPPER,Active
10508,302391.26,504465.83,22.33,41,44,LOWER,Active
10509,302319.25,504398.28,22.38,,,U/K,Active
10510,302555.64,504206.2,23.48,77,80,LOWER,Active
10511,302517.61,504349.78,23.82,33.5,36.5,LOWER,Active
10512,302605.46,504296.68,23.66,,,U/K,Active
1238p1,303077.36,503993.99,21.91,1,10,UPPER,Active
1239P1,303130.55,503821.51,9.11,7,10,UPPER,Active
1240P1,303008.58,503485.62,17.16,4,10,UPPER,Active
1241P1,303002.9,503402.7,16.6,4,10,UPPER,Active
1242P1,302983.11,503342.75,16.56,4,10,UPPER,Active
1243P1,302960.83,503251.79,16.81,4,10,UPPER,Active
755P1,302883.76,503940.84,19.06,9.7,15.4,UPPER,Active
717P1,302880.56,503811.82,20.04,3.3,17,UPPER,Active
795Ap1,302790.48,503725.44,18.65,3.5,17,UPPER,Active
797P1,303221.07,503762.4,20.1,4.7,7.7,UPPER,Active
790P1,302827.49,504045.93,22.47,14,42,LOWER,Active
790P2,302827.49,504045.93,22.47,13,18,UPPER,Active
790P3,302827.49,504045.93,22.47,5,9,UPPER,Active
793p1,302968.42,503692.65,19.22,16.9,17.8,UPPER,Active
793p2,302968.42,503692.65,19.22,10.25,13.9,UPPER,Active
793P3,302968.42,503692.65,19.22,4.25,6.25,UPPER,Active
781P1,302911.22,504164.76,24.67,19,30,UPPER,Active
781P2,302911.22,504164.76,24.67,12,16,UPPER,Active
781P3,302911.22,504164.76,24.67,1,4,UPPER,Active
782AP1,302813.52,504213.68,24.43,9.5,18,UPPER,Active
749p1,303021.06,503630.95,18.99,10,14.5,UPPER,Active
740P1,302673.85,504396.25,23.72,9.9,18,UPPER,Active
741p1,303027.41,504634.97,30.59,5.7,11.2,UPPER,Active
743P1,302717.8,504133.83,23.21,11.1,19.6,UPPER,Active
744P1,302637.45,503964.73,21.42,19.6,24,LOWER,Active
745P1,302060.33,503407.83,6.46,2.6,8.5,UPPER,Active
746p1,301872.06,503472.69,9.71,5.7,11.6,UPPER,Active
747P1,301945.24,503465.94,3.99,0,6.2,UPPER,Active
720P1,302942.42,504041.38,22.7,10,18,UPPER,Active
721P1,302441.42,503741.36,18.78,6.3,28.3,UPPER,Active
733P1,303342.47,504286.56,30.19,19.43,85.57,LOWER,Active
733p2,303342.47,504286.56,30.19,2.9,8.5,UPPER,Active
723P1,302112.67,503422.19,8.66,3,16,LOWER,Active
713P1,303048.5,504034.94,22.74,5.3,10.9,UPPER,Active
714P1,302863.34,504055.98,22.92,3.6,12.6,UPPER,Active
710p1,302529.37,503728.58,18.28,10.1,28,LOWER,Active
706P1,302078.6,503558.01,23.87,16,30,UPPER,Active
708P1,302375.22,503917.76,20.89,12,37,LOWER,Active
709p1,302407.62,503776.44,19.29,32.6,35.75,LOWER,Active
709p2,302407.62,503776.44,19.29,,,U/K,Active
702P1,301989.59,503332.9,7.18,2,13.5,LOWER,Active
6901p1,302585.63,502711.37,9.66,6.5,7.5,UPPER,Active
6902P1,302509.85,503677.02,17.98,21.5,22.5,LOWER,Active
6902P2,302509.85,503677.02,17.98,10,11,UPPER,Active
9054,302887.53,504001.13,22.7,27,30,LOWER,Active
9055,302885,504003.2,22.71,11.3,14.3,UPPER,Active
9056,302962.6,503947.6,22.54,27,30,LOWER,Active
9057,302959.1,503949.2,22.54,10.5,13.5,UPPER,Active
9059,302986.93,503936.57,22.53,11.5,14.5,UPPER,Active
9060,302977.08,504003.45,22.6,11.5,15,UPPER,Active
9063,302917.07,504045.57,22.31,26,30,LOWER,Active
9112P1,303442.46,503533.07,23.21,6.1,7,UPPER,Active
9113P1,302890.13,503264.84,15.32,3,6,UPPER,Active
9114P1,303045.21,503059.51,16.51,4,8,UPPER,Active
9115P1,302942.68,503562.9,16.81,5,9,UPPER,Active
9116P1,302974.91,503613.86,17.06,8,10,UPPER,Active
9117P1,303008.5,503633.98,16.74,4.5,8,UPPER,Active
9118P1,302383.02,504256.8,21.08,8.5,11.5,UPPER,Active
9275,303050.23,503919.87,22.11,9,13,UPPER,Active
9276,303049,503917.13,22.15,26.4,30.4,LOWER,Active
9630,302544.51,502638.87,8.94,4,10,UPPER,Active
9631,302451.71,503191.8,14.23,16,20,LOWER,Active
9632,302366.8,503608.65,17.44,16,20,LOWER,Active
9633,302545.64,503608.23,17.51,12,16,UPPER,Active
9634,302401.66,504171.31,21.1,11,15,UPPER,Active
9641,302739.49,503489.72,14.78,3.8,4.8,UPPER,Active
9642,302315.49,503800.22,20.84,46,48,LOWER,Active
9643,302321.32,503803.49,20.81,11.5,14.5,UPPER,Active
9644,302337.35,504428.75,22.59,13,14,UPPER,Active
9645,302342.61,504423.62,22.9,17,18,UPPER,Active
9646,303356.47,504292.7,28.36,6.5,8.5,UPPER,Active
9775,303111.47,504535.26,35.5,18.9,21.9,UPPER,Active
9779,302036,503521.8,8.01,8.5,9.5,LOWER,Active
9780,302105.28,503568.34,24.32,21,24,UPPER,Active
9781,302223.23,503484.06,19.48,26,29,LOWER,Active
9782,302323.54,503647.08,18.12,21,24,LOWER,Active
9783,302269.12,503766,19.42,17,19,UPPER,Active
9784,302210.44,504063.54,19.17,59,62,LOWER,Active
9848,302473.95,503335.73,15.37,8.5,11.5,UPPER,Active
9897,303118.13,503636.01,,4.8,7.8,U/K,Active
9901,302868.23,504041.54,22.85,31.5,34.5,LOWER,Active
9902,302875.74,504028.58,22.73,31.5,34.5,LOWER,Active
9979,302602.91,504705.55,28.46,41,44,LOWER,Active
9980,302610.31,504559.78,23.98,37,40,LOWER,Active
9981,302510.03,504494.53,22.57,31,34,LOWER,Active
9982,302343,504427.45,22.33,53,56,LOWER,Active
9983,302347.61,504325.98,22.73,57,60,LOWER,Active
AS01,,,,,,U/K,Active
BH01,302081.75,505463.03,35.96,41,60,LOWER,Active
BH02,,,,30,50,U/K,Active
BH04,302225.67,504932.99,31.44,40,60,LOWER,Active
BHH-Pz-01a,302222,504065,18.19,21,55,LOWER,Active
BHH-Pz-01b,302223,504071,18.38,56,70,LOWER,Active
BHH-Pz-03a,302093,504166,21.45,14,52,LOWER,Active
BHH-Pz-03b,302090,504167,21.55,60,70,LOWER,Active
BHH-Pz-04a,302069,503953,22.61,10,40,LOWER,Active
BHH-Pz-04b,302068,503946,22.72,48,71,LOWER,Active
BHH-Pz-05a,302003,503756,23.8,37,47,LOWER,Active
BHH-Pz-05b,302002,503753,23.68,52,67,LOWER,Active
BHH-Pz-05c,302000,503748,23.74,9,15,UPPER,Active
BHH-Pz-06a,301988,504333,19.41,20,50,LOWER,Active
BHH-Pz-06b,301991,504333,19.33,54,80,LOWER,Active
BHH-Pz-07a,301871,504076,21.87,24,55,LOWER,Active
BHH-Pz-07b,301869,504077,21.79,66,80,LOWER,Active
BHH-Pz-08aa,301791,503923,22.3,25,35,LOWER,Active
BHH-Pz-09a,301766,504314,29.48,19,30,UPPER,Active
BHH-Pz-10a,301697,504134,25.39,64,80,LOWER,Active
BHH-Pz-11a,301709,504374,23.93,21,38,LOWER,Active
BHH-Pz-11b,301697,504383,22.63,76,87.5,LOWER,Active
BHH-Pz-12a,301719,504255,24.7,60,70.5,LOWER,Active
BHH-Pz-15a,302254,504252,19.16,15,31.5,LOWER,Active
BHH-Pz-16,302225,504140,19.66,21,30,LOWER,Active
BH-Pz01,301930.16,505418.63,31.9,24.7,50,LOWER,Active
BH-Pz02,302423.16,505391.89,44.64,21,50,UPPER,Active
BH-Pz03,302102.02,505302.24,35.36,22,50,LOWER,Active
BH-Pz04,302327.42,505082.91,42.31,25,50,UPPER,Active
BH-Pz05,,,,42.2,56.7,U/K,Active
BH-Pz06,301633,504816,21.22,70,85,LOWER,Active
BH-Pz07,301832.66,504803.18,18.94,61,75,LOWER,Active
BH-Pz08,,,,31,50,U/K,Active
BHR-Pz01,,,,20,25,U/K,Active
BHR-Pz02,,,,10.5,15,U/K,Active
BHR-Pz03,302335.24,504779.73,27.28,15,20,UPPER,Active
BHR-Pz04,301756.75,504695.35,9.76,2,17,UPPER,Active
BHR-Pz05,302163.47,504657.29,20.01,2,21,UPPER,Active
BHR-Pz06,302039.55,504480.22,18.66,9,39,LOWER,Active
BHR-Pz07,,,,2,5,U/K,Active
BHR-Pz08,302625.46,505200.94,44.09,3.5,4.5,UPPER,Active
DBH-Pz01,,,,13,23,U/K,Active
DBH-Pz02,,,,26,50,U/K,Active
DBH-Pz03,302015.36,505659.65,38.01,10.9,18.9,UPPER,Active
DBH-Pz04,302013.25,505658.86,37.99,25,50,UPPER,Active
DBH-Pz05,302311,505681,39.18,2,7,UPPER,Active
DBH-Pz06,302313,505681,39.11,20,50,UPPER,Active
DBH-Pz07,301697.42,505360.84,27.93,31,35.3,LOWER,Active
DBH-Pz08,301699.04,505361.95,28.09,39,52,LOWER,Active
DBH-Pz09,,,,9,20,U/K,Active
DBH-Pz10,,,,11.5,20,U/K,Active
DBH-Pz11,302102.22,505322,34.08,20,50,LOWER,Active
DBH-Pz12,302124.13,505326.61,34.89,15,20.2,UPPER,Active
DBH-Pz13,302121.97,505326.54,34.77,23,50,LOWER,Active
DBH-Pz14,302632.78,505322.89,37.98,2,8,UPPER,Active
DBH-Pz15A,,,,12,50,U/K,Active
DBH-Pz16,302504.41,505247.76,48.47,2,4.5,UPPER,Active
DBH-Pz17,302505.66,505248.24,48.4,16,50,UPPER,Active
DBH-Pz18,,,,13,23.4,U/K,Active
DBH-Pz19,301760.63,505083.36,23.05,42,57,LOWER,Active
DBH-Pz20,,,,4,6,U/K,Active
DBH-Pz21,302497.78,505031.76,47.04,18,70,UPPER,Active
DBH-Pz22,301836.45,504803,18.56,34,58,LOWER,Active
DBH-Pz23,,,,36,59,U/K,Active
DBH-Pz24,301832.39,504821.6,18.85,60,75,LOWER,Active
DBH-Pz25,301816.7,504828.2,19.32,34,59,LOWER,Active
DBH-Pz26,301812.4,504828.08,19.27,61,75,LOWER,Active
DBH-Pz27,301899.51,504591.35,16.21,3,15,UPPER,Active
DBH-Pz28,301901.47,504591.38,16.25,39,59,LOWER,Active
DBH-Pz29,301636.61,505491.44,20.76,8.5,32,UPPER,Active
DBH-Pz30,301834.35,504803.29,18.72,11,15,UPPER,Active
DBH-Pz31,301836.45,504821.82,18.62,13,15,UPPER,Active
DBH-Pz32,301814.51,504828.15,19.28,7,15,UPPER,Active
DBH-Pz33,302128.87,504793.82,26.72,8,13,UPPER,Active
DBH-Pz34,301662.94,504502.51,19.92,5.5,15,UPPER,Active
DBH-Pz35,301660.89,504502.2,19.88,44.5,65,LOWER,Active
DBH-Pz36,301701.05,505363.39,28.27,3.8,7.4,UPPER,Active
DBH-Pz37,301628,504825,21.03,11,38.7,LOWER,Active
DBH-Pz38,301662,504681,7.32,51,60,LOWER,Active
DBH-W02A,302110.18,505325.3,34.18,21,50,LOWER,Active
DBH-W03,301836.85,504827.77,18.72,41.5,58,LOWER,Active
DBH-W04,301832.42,504827.93,18.99,66,80,LOWER,Active
798p1,303144.21,503706.94,19.52,13.5,14.5,UPPER,Active
798p2,303144.21,503706.94,19.52,2.95,11.5,UPPER,Active
799P1,303199.43,503555.19,19.58,9.4,10.4,UPPER,Active
799P2,303199.43,503555.19,19.58,4.5,7.5,UPPER,Active
803P1,302361.17,503729.75,20.9,39.55,65.2,LOWER,Active
803P2,302361.17,503729.75,20.9,,,U/K,Active
803p3,302361.17,503729.75,20.9,,,U/K,Active
803p4,302361.17,503729.75,20.9,10,13.5,UPPER,Active
804P1,302680.11,503727.17,17.27,11,14,UPPER,Active
804P2,302680.11,503727.17,17.27,7,9,UPPER,Active
804P3,302680.11,503727.17,17.27,3,5.8,UPPER,Active
WAGR13,,,,,,U/K,Active
6915P1,302404.75,503673.07,18.27,58,59,LOWER,To Redevelop
6915P2,302404.75,503673.07,18.27,42,43,LOWER,To Redevelop
6921P1,302652.46,503012.9,15.27,10.2,11.2,UPPER,To Redevelop
6903P1,302626.17,503654.44,16.65,21.6,22,LOWER,To Redevelop
6903P2,302626.17,503654.44,16.65,15,16,UPPER,To Redevelop